,transaction_id,transaction_date,transaction_amount
0,0,2025-10-05 03:21:59.912496,92764
1,1,2025-10-05 03:21:59.912496,444571
2,2,2025-10-05 03:21:59.912496,157712
3,3,2025-10-05 03:21:59.912496,261289
4,4,2025-10-05 03:21:59.912496,376104
5,5,2025-10-05 03:21:59.912496,454018
6,6,2025-10-05 03:21:59.912496,25327
7,7,2025-10-05 03:21:59.912496,374217
8,8,2025-10-05 03:21:59.912496,68780
9,9,2025-10-05 03:21:59.912496,259125
10,10,2025-10-05 03:21:59.912496,142034
11,11,2025-10-05 03:21:59.912496,163668
12,12,2025-10-05 03:21:59.912496,293633
13,13,2025-10-05 03:21:59.912496,202249
14,14,2025-10-05 03:21:59.912496,209809
15,15,2025-10-05 03:21:59.912496,304731
16,16,2025-10-05 03:21:59.912496,106589
17,17,2025-10-05 03:21:59.912496,132946
18,18,2025-10-05 03:21:59.912496,158430
19,19,2025-10-05 03:21:59.912496,10068
20,20,2025-10-05 03:21:59.912496,284601
21,21,2025-10-05 03:21:59.912496,421317
22,22,2025-10-05 03:21:59.912496,60210
23,23,2025-10-05 03:21:59.912496,40350
24,24,2025-10-05 03:21:59.912496,395148
25,25,2025-10-05 03:21:59.912496,318178
26,26,2025-10-05 03:21:59.912496,210986
27,27,2025-10-05 03:21:59.912496,409577
28,28,2025-10-05 03:21:59.912496,163948
29,29,2025-10-05 03:21:59.912496,115201
30,30,2025-10-05 03:21:59.912496,21262
31,31,2025-10-05 03:21:59.912496,454579
32,32,2025-10-05 03:21:59.913904,33627
33,33,2025-10-05 03:21:59.913904,406633
34,34,2025-10-05 03:21:59.913904,268398
35,35,2025-10-05 03:21:59.913904,218447
36,36,2025-10-05 03:21:59.913904,245701
37,37,2025-10-05 03:21:59.913904,185136
38,38,2025-10-05 03:21:59.913904,74835
39,39,2025-10-05 03:21:59.913904,202622
40,40,2025-10-05 03:21:59.913904,324400
41,41,2025-10-05 03:21:59.913904,424827
42,42,2025-10-05 03:21:59.913904,297941
43,43,2025-10-05 03:21:59.913904,293533
44,44,2025-10-05 03:21:59.913904,242459
45,45,2025-10-05 03:21:59.913904,156370
46,46,2025-10-05 03:21:59.913904,348398
47,47,2025-10-05 03:21:59.913904,373939
48,48,2025-10-05 03:21:59.913904,425961
49,49,2025-10-05 03:21:59.913904,213516
50,50,2025-10-05 03:21:59.913904,408628
51,51,2025-10-05 03:21:59.913904,334421
52,52,2025-10-05 03:21:59.913904,8502
53,53,2025-10-05 03:21:59.913904,352519
54,54,2025-10-05 03:21:59.913904,402773
55,55,2025-10-05 03:21:59.913904,54735
56,56,2025-10-05 03:21:59.913904,100326
57,57,2025-10-05 03:21:59.913904,159729
58,58,2025-10-05 03:21:59.913904,64403
59,59,2025-10-05 03:21:59.913904,156183
60,60,2025-10-05 03:21:59.913904,381131
61,61,2025-10-05 03:21:59.913904,28080
62,62,2025-10-05 03:21:59.913904,239883
63,63,2025-10-05 03:21:59.913904,134596
64,64,2025-10-05 03:21:59.913904,345722
65,65,2025-10-05 03:21:59.913904,490340
66,66,2025-10-05 03:21:59.913904,153385
67,67,2025-10-05 03:21:59.913904,148743
68,68,2025-10-05 03:21:59.913904,421056
69,69,2025-10-05 03:21:59.913904,189521
70,70,2025-10-05 03:21:59.913904,126695
71,71,2025-10-05 03:21:59.913904,116436
72,72,2025-10-05 03:21:59.913904,227157
73,73,2025-10-05 03:21:59.913904,240950
74,74,2025-10-05 03:21:59.913904,48759
75,75,2025-10-05 03:21:59.913904,444599
76,76,2025-10-05 03:21:59.913904,207549
77,77,2025-10-05 03:21:59.913904,266481
78,78,2025-10-05 03:21:59.913904,230147
79,79,2025-10-05 03:21:59.913904,198366
80,80,2025-10-05 03:21:59.913904,437115
81,81,2025-10-05 03:21:59.913904,188336
82,82,2025-10-05 03:21:59.913904,186845
83,83,2025-10-05 03:21:59.913904,225880
84,84,2025-10-05 03:21:59.913904,103114
85,85,2025-10-05 03:21:59.913904,211848
86,86,2025-10-05 03:21:59.913904,372863
87,87,2025-10-05 03:21:59.913904,273533
88,88,2025-10-05 03:21:59.913904,114841
89,89,2025-10-05 03:21:59.913904,13665
90,90,2025-10-05 03:21:59.913904,32141
91,91,2025-10-05 03:21:59.913904,226137
92,92,2025-10-05 03:21:59.913904,449179
93,93,2025-10-05 03:21:59.913904,181105
94,94,2025-10-05 03:21:59.913904,316951
95,95,2025-10-05 03:21:59.913904,308967
96,96,2025-10-05 03:21:59.913904,360986
97,97,2025-10-05 03:21:59.913904,223418
98,98,2025-10-05 03:21:59.913904,248524
99,99,2025-10-05 03:21:59.913904,429632
